{
  "products": [
    {
      "id": 5,
      "name": "Giày Thể Thao Nam Biti's Hunter X 1.0 Festive Armor Brown - Phiên Bản Độc Quyền DSMH07701NAU (Nâu)",
      "size": 39,
      "quantity": 0,
      "available": false,
      "price": 10000,
      "color": "red",
      "category": "male",
      "created_at": "Mar 12 2022",
      "soldQuantity": 105
    },
    {
      "id": 4,
      "name": "Giày Thể Thao Nam Biti's Hunter X 1.0 Festive Armor Brown - Phiên Bản Độc Quyền DSMH07701NAU (Nâu)",
      "size": 38,
      "quantity": 100,
      "available": true,
      "price": 10000,
      "color": "red",
      "category": "male",
      "created_at": "Mar 12 2022",
      "soldQuantity": 45
    },
    {
      "id": 3,
      "name": "Giày Thể Thao Nam Biti's Hunter X 1.0 Festive Armor Brown - Phiên Bản Độc Quyền DSMH07701NAU (Nâu)",
      "size": 37,
      "quantity": 100,
      "available": true,
      "price": 10000,
      "color": "red",
      "category": "male",
      "created_at": "Mar 12 2022",
      "soldQuantity": 35
    },
    {
      "id": 2,
      "name": "Giày Thể Thao Nam Biti's Hunter X 1.0 Festive Armor Brown - Phiên Bản Độc Quyền DSMH07701NAU (Nâu)",
      "size": 36,
      "quantity": 92,
      "available": true,
      "price": 10000,
      "color": "red",
      "category": "male",
      "created_at": "Mar 12 2022",
      "soldQuantity": 33
    },
    {
      "id": 9,
      "name": "Giày Thể Thao Nam Biti's Hunter Street - Retro Collection DSMH08800NAU (Nâu)",
      "size": 37,
      "quantity": 100,
      "available": true,
      "price": 10000,
      "color": "red",
      "category": "female",
      "created_at": "Mar 12 2022",
      "soldQuantity": 22
    },
    {
      "id": 1,
      "name": "Giày Thể Thao Nam Biti's Hunter X 1.0 Festive Armor Brown - Phiên Bản Độc Quyền DSMH07701NAU (Nâu)",
      "size": 35,
      "quantity": 0,
      "available": false,
      "price": 10000,
      "category": "male",
      "created_at": "Mar 12 2022",
      "soldQuantity": 18,
      "color": "red"
    },
    {
      "id": 7,
      "name": "aiày Thể Thao Nam Biti's Hunter Street - Retro Collection DSMH08800NAU (Nâu)",
      "size": 35,
      "quantity": 100,
      "available": true,
      "price": 10000,
      "color": "white",
      "category": "female",
      "created_at": "Mar 12 2022",
      "soldQuantity": 10
    },
    {
      "id": 6,
      "name": "Giày Thể Thao Nam Biti's Hunter X 2.0 Festive Armor Brown - Phiên Bản Độc Quyền DSMH07701NAU (Nâu)",
      "size": 36,
      "quantity": 97,
      "available": true,
      "price": 10000,
      "color": "red",
      "category": "male",
      "created_at": "Mar 12 2022",
      "soldQuantity": 10
    },
    {
      "id": 11,
      "name": "Giày Thể Thao Nam Biti's Hunter Street - Retro Collection DSMH08800NAU (Nâu)",
      "size": 39,
      "quantity": 101,
      "available": true,
      "price": 10000,
      "color": "red",
      "category": "female",
      "created_at": "Mar 13 2022",
      "soldQuantity": 6
    },
    {
      "id": 12,
      "name": "Giày Thể Thao Nam Biti's Hunter Street - Retro Collection DSMH08800NAU (Nâu)",
      "size": 32,
      "quantity": 100,
      "available": true,
      "price": 100001,
      "color": "orange",
      "category": "female",
      "created_at": "Mar 14 2022",
      "soldQuantity": 3
    },
    {
      "id": 8,
      "name": "Giày Thể Thao Nam Biti's Hunter Street - Retro Collection DSMH08800NAU (Nâu)",
      "size": 36,
      "quantity": 100,
      "available": true,
      "price": 100001,
      "color": "orange",
      "category": "female",
      "created_at": "Mar 12 2022",
      "soldQuantity": 3
    },
    {
      "id": 13,
      "name": "Giày Thể Thao Nam Biti's Hunter Street - Retro Collection DSMH08800NAU (Nâu)",
      "size": 36,
      "quantity": 100,
      "available": true,
      "price": 100001,
      "color": "orange",
      "category": "male",
      "created_at": "Mar 12 2022",
      "soldQuantity": 3
    },
    {
      "id": 10,
      "name": "Giày Thể Thao Nam Biti's Hunter Street - Retro Collection DSMH08800NAU (Nâu)",
      "size": 38,
      "quantity": 100,
      "available": true,
      "price": 10000,
      "color": "red",
      "category": "female",
      "created_at": "Mar 12 2022",
      "soldQuantity": 1
    }
  ],
  "orders": [
    {
      "id": 1,
      "shoesId": 5,
      "quantity": 2,
      "timestamp": 1656572063799,
      "total": 20000
    },
    {
      "id": 2,
      "shoesId": 5,
      "quantity": 2,
      "timestamp": 1656572069005,
      "total": 20000
    },
    {
      "id": 3,
      "shoesId": 5,
      "quantity": 2,
      "timestamp": 1656572172271,
      "total": 20000
    },
    {
      "id": 4,
      "shoesId": 5,
      "quantity": 2,
      "timestamp": 1656572267550,
      "total": 20000
    },
    {
      "id": 5,
      "shoesId": 5,
      "quantity": 2,
      "timestamp": 1656572268493,
      "total": 20000
    },
    {
      "id": 6,
      "shoesId": 5,
      "quantity": 2,
      "timestamp": 1656572299061,
      "total": 20000
    },
    {
      "user_id": 51,
      "id": 7,
      "shoesId": 5,
      "customerName": "Napoleon.Abshire98",
      "quantity": 2,
      "timestamp": 1656572313695,
      "total": 20000,
      "email": "Modesta_Aufderhar13@hotmail.com"
    },
    {
      "id": 8,
      "shoesId": 5,
      "quantity": 2,
      "timestamp": 1656572316516,
      "total": 20000
    },
    {
      "id": 9,
      "shoesId": 5,
      "quantity": 2,
      "timestamp": 1656572317910,
      "total": 20000
    },
    {
      "user_id": 51,
      "id": 10,
      "shoesId": 5,
      "customerName": "Napoleon.Abshire98",
      "quantity": 2,
      "timestamp": 1656572328201,
      "total": 20000,
      "email": "Modesta_Aufderhar13@hotmail.com"
    },
    {
      "id": 11,
      "shoesId": 5,
      "customerName": "Napoleon.Abshire98",
      "quantity": 2,
      "timestamp": 1656572594104,
      "total": 20000,
      "email": "Modesta_Aufderhar13@hotmail.com"
    },
    {
      "id": 12,
      "shoesId": 5,
      "quantity": 2,
      "timestamp": 1656572600948,
      "total": 20000
    },
    {
      "id": 13,
      "shoesId": 5,
      "quantity": 2,
      "timestamp": 1656572633748,
      "total": 20000
    },
    {
      "id": 14,
      "shoesId": 5,
      "customerName": "Margot_Ryan",
      "quantity": 2,
      "timestamp": 1656572661563,
      "total": 20000,
      "email": "Rosella.McCullough34@yahoo.com"
    },
    {
      "user_id": "51",
      "id": 15,
      "shoesId": 5,
      "customerName": "Napoleon.Abshire98",
      "quantity": 2,
      "timestamp": 1656572773932,
      "total": 20000
    },
    {
      "user_id": "51",
      "id": 16,
      "shoesId": 5,
      "customerName": "Napoleon.Abshire98",
      "quantity": 2,
      "timestamp": 1656572778463,
      "total": 20000
    },
    {
      "user_id": "51",
      "id": 17,
      "shoesId": 5,
      "customerName": "Napoleon.Abshire98",
      "quantity": 2,
      "timestamp": 1656572780896,
      "total": 20000
    },
    {
      "user_id": "51",
      "id": 18,
      "shoesId": 5,
      "customerName": "Napoleon.Abshire98",
      "quantity": 2,
      "timestamp": 1656572782128,
      "total": 20000
    },
    {
      "user_id": "51",
      "id": 19,
      "shoesId": 5,
      "customerName": "Napoleon.Abshire98",
      "quantity": 2,
      "timestamp": 1656572783318,
      "total": 20000
    },
    {
      "user_id": "51",
      "id": 20,
      "shoesId": 5,
      "customerName": "Napoleon.Abshire98",
      "quantity": 2,
      "timestamp": 1656573834629,
      "total": 20000
    },
    {
      "id": 21,
      "shoesId": 5,
      "customerName": "Margarete.Jerde27",
      "quantity": 2,
      "timestamp": 1656573838895,
      "total": 20000,
      "email": "Wyman53@hotmail.com"
    },
    {
      "shoesId": 5,
      "quantity": 2,
      "customerName": "Gretchen_Legros",
      "email": "Jermaine_Spinka@gmail.com",
      "id": 22
    },
    {
      "shoesId": 5,
      "quantity": 2,
      "customerName": "Paul_Treutel",
      "email": "Euna_Kuphal82@hotmail.com",
      "id": 23
    },
    {
      "shoesId": 5,
      "quantity": 2,
      "customerName": "Bernice.Weimann90",
      "email": "Avis68@hotmail.com",
      "id": 24
    },
    {
      "user_id": "56",
      "id": 25,
      "shoesId": 5,
      "customerName": "Dudley.Koelpin7",
      "quantity": 2,
      "timestamp": 1656575001590,
      "total": 20000,
      "email": "Deondre_Schaden70@hotmail.com"
    },
    {
      "user_id": "56",
      "id": 26,
      "shoesId": 5,
      "customerName": "Dudley.Koelpin7",
      "quantity": 2,
      "timestamp": 1656575023482,
      "total": 20000
    },
    {
      "id": 27,
      "shoesId": 5,
      "customerName": "Solon92",
      "quantity": 2,
      "timestamp": 1656575078921,
      "total": 20000,
      "email": "Hellen.Schuppe@yahoo.com"
    },
    {
      "id": 28,
      "shoesId": 5,
      "customerName": "Hassan.Runolfsson",
      "quantity": 2,
      "timestamp": 1656575248252,
      "total": 20000,
      "email": "Arnoldo_Dietrich@gmail.com"
    },
    {
      "id": 29,
      "shoesId": 5,
      "customerName": "Jake.Kuphal",
      "quantity": 2,
      "timestamp": 1656575249365,
      "total": 20000,
      "email": "Murl_Hartmann38@yahoo.com"
    },
    {
      "id": 30,
      "shoesId": 5,
      "customerName": "Bettye50",
      "quantity": 2,
      "timestamp": 1656575645892,
      "total": 20000,
      "email": "Una80@yahoo.com"
    },
    {
      "id": 31,
      "shoesId": 5,
      "customerName": "Curt15",
      "quantity": 2,
      "timestamp": 1656575658887,
      "total": 20000,
      "email": "Reba_Volkman17@yahoo.com"
    },
    {
      "user_id": "57",
      "id": 32,
      "shoesId": 5,
      "customerName": "Evangeline_Harvey8",
      "quantity": 2,
      "timestamp": 1656575751033,
      "total": 20000
    },
    {
      "shoesId": 5,
      "quantity": 2,
      "customerName": "Vella_Doyle0",
      "email": "Nona_Hammes69@yahoo.com",
      "id": 33
    },
    {
      "user_id": "59",
      "id": 34,
      "shoesId": 5,
      "customerName": "Guy_Dibbert95",
      "quantity": 2,
      "timestamp": 1656577057351,
      "total": 20000
    },
    {
      "shoesId": 5,
      "quantity": 2,
      "customerName": "Gilberto_Emard99",
      "email": "Aurelio84@gmail.com",
      "id": 35
    },
    {
      "user_id": "60",
      "id": 36,
      "shoesId": 5,
      "customerName": "Alda.Waelchi22",
      "quantity": 2,
      "timestamp": 1656577106715,
      "total": 20000
    },
    {
      "user_id": "60",
      "id": 37,
      "shoesId": 5,
      "customerName": "Alda.Waelchi22",
      "quantity": 2,
      "timestamp": 1656577114878,
      "total": 20000
    },
    {
      "user_id": "60",
      "id": 38,
      "shoesId": 5,
      "customerName": "Alda.Waelchi22",
      "quantity": 2,
      "timestamp": 1656577236419,
      "total": 20000
    },
    {
      "user_id": "60",
      "id": 39,
      "shoesId": 5,
      "customerName": "Alda.Waelchi22",
      "quantity": 2,
      "timestamp": 1656577237166,
      "total": 20000
    },
    {
      "user_id": "60",
      "id": 40,
      "shoesId": 5,
      "customerName": "Alda.Waelchi22",
      "quantity": 2,
      "timestamp": 1656577237757,
      "total": 20000
    },
    {
      "shoesId": 5,
      "quantity": 2,
      "customerName": "Kelton.Hartmann",
      "email": "Wayne.Mills14@gmail.com",
      "id": 42
    },
    {
      "shoesId": 5,
      "quantity": 2,
      "customerName": "Johnathon_Wyman",
      "email": "Gladys.Nicolas@gmail.com",
      "id": 43
    },
    {
      "shoesId": 5,
      "quantity": 2,
      "customerName": "Brody_Bernhard",
      "email": "Wanda10@hotmail.com",
      "id": 44
    },
    {
      "shoesId": 5,
      "quantity": 2,
      "customerName": "Russel_Hartmann",
      "email": "Susana_Zboncak@yahoo.com",
      "id": 45
    },
    {
      "shoesId": 5,
      "quantity": 2,
      "customerName": "Kenny.White67",
      "email": "Jasen.Sipes@yahoo.com",
      "id": 46
    },
    {
      "shoesId": 5,
      "quantity": 2,
      "customerName": "Gay_Hansen73",
      "email": "Virginie_Terry47@yahoo.com",
      "id": 47
    },
    {
      "shoesId": 5,
      "quantity": 2,
      "customerName": "Theresia.Morar55",
      "email": "Raphael_Brekke73@hotmail.com",
      "id": 48
    },
    {
      "shoesId": 5,
      "quantity": 2,
      "customerName": "Dell87",
      "email": "Kennith_Wolff26@hotmail.com",
      "id": 49
    },
    {
      "id": 49,
      "shoesId": 5,
      "customerName": "Reyes_Kuhic",
      "quantity": 2,
      "timestamp": 1656815947792,
      "total": 20000,
      "email": "Maximillia_Nitzsche94@yahoo.com"
    },
    {
      "id": 50,
      "shoesId": 6,
      "customerName": "Rosanna_Powlowski33",
      "quantity": 1,
      "timestamp": 1656820853516,
      "total": 10000,
      "email": "Fausto.Shanahan54@gmail.com"
    },
    {
      "shoesId": 5,
      "quantity": 2,
      "customerName": "Macie_Marks17",
      "email": "Marilyne_Willms5@hotmail.com",
      "id": 51
    }
  ],
  "users": [
    {
      "id": 1,
      "name": "admin",
      "email": "admin@gmail.com",
      "password": "admin123"
    },
    {
      "id": 3,
      "name": "abc",
      "email": "abc1@gmail.com",
      "password": "123"
    },
    {
      "id": 4,
      "name": "abc",
      "email": "t@gmail.com",
      "password": "123"
    },
    {
      "id": 4,
      "name": "trung",
      "email": "tgmail.com",
      "password": "123"
    },
    {
      "id": 5,
      "name": "trung",
      "email": "t@agmail.com",
      "password": "123"
    },
    {
      "id": 6,
      "name": "trung",
      "email": "t123@agmail.com",
      "password": "12"
    },
    {
      "id": 7,
      "name": "trung",
      "email": "t1223@agmail.com",
      "password": "133"
    },
    {
      "id": 8,
      "name": "trung",
      "email": "t12234@agmail.com",
      "password": "133"
    },
    {
      "id": 9,
      "name": "Estelle.Welch63",
      "email": "Alyson87@gmail.com",
      "password": "gY0ORpNiWQyqYRo"
    },
    {
      "id": 10,
      "name": "Alex_Rodriguez",
      "email": "Koby_Wilkinson@hotmail.com",
      "password": "cVDt6daYSsD6EsX"
    },
    {
      "id": 11,
      "name": "Laila56",
      "email": "Grace20@hotmail.com",
      "password": "82_ULpqvSfTDu_I"
    },
    {
      "id": 12,
      "name": "Dawson28",
      "email": "Rhiannon_Pollich@gmail.com",
      "password": "HQI6trLjN13Yrms"
    },
    {
      "id": 13,
      "name": "Valerie_Larkin32",
      "email": "Lisandro38@yahoo.com",
      "password": "7RIIi1ywMIKMAOr"
    },
    {
      "id": 14,
      "name": "Natasha47",
      "email": "Julius8@hotmail.com",
      "password": "g3YrCiemI5fC9CL"
    },
    {
      "id": 15,
      "name": "Dock71",
      "email": "Brian86@gmail.com",
      "password": "Ds6sqHqtKuvZpgd"
    },
    {
      "id": 16,
      "name": "Adeline30",
      "email": "Cierra.Schuppe26@gmail.com",
      "password": "GsZs0lOiHtACYO5"
    },
    {
      "id": 17,
      "name": "Lincoln18",
      "email": "Chance12@hotmail.com",
      "password": "XSXid_aUIQnQc1_"
    },
    {
      "id": 18,
      "name": "Rahul.Stiedemann85",
      "email": "Dennis86@yahoo.com",
      "password": "W_34jkLjWondtsC"
    },
    {
      "id": 19,
      "name": "Christ_Ritchie88",
      "email": "Mariela.Paucek@hotmail.com",
      "password": "_WCIL6RZB9hrEK2"
    },
    {
      "id": 20,
      "name": "Nella_Casper",
      "email": "Hershel74@yahoo.com",
      "password": "Ne9oY6R_qIKESo6"
    },
    {
      "id": 21,
      "name": "Cole57",
      "email": "1Hershel74@yahoo.com",
      "password": "VMc0giyACVoA4R3"
    },
    {
      "id": 22,
      "name": "Bo_Kassulke21",
      "email": "Aurelia.Keebler@gmail.com",
      "password": "xhfhpZSF3UhXfxO"
    },
    {
      "id": 23,
      "name": "Leopold.Runolfsdottir84",
      "email": "Anabel_Grady@hotmail.com",
      "password": "CSaCf5XB2dc_kod"
    },
    {
      "id": 24,
      "name": "Makenzie58",
      "email": "Ernest_Ullrich@gmail.com",
      "password": "oxZTwN4JW1irE7m"
    },
    {
      "id": 25,
      "name": "Percival_Kerluke55",
      "email": "Stephen_Konopelski50@yahoo.com",
      "password": "8pxEkup2k_Pugtr"
    },
    {
      "id": 26,
      "name": "Ursula_Dach4",
      "email": "Halle_Reichert@hotmail.com",
      "password": "UIsyQxgi4FXO3Bd"
    },
    {
      "id": 27,
      "name": "Pansy89",
      "email": "Emmett_Torphy83@hotmail.com",
      "password": "TkSGDxAuiJNnrY1"
    },
    {
      "id": 28,
      "name": "Tanner.Boyle27",
      "email": "Maud.Torp@gmail.com",
      "password": "WbjsIhh1Ba8OI4T"
    },
    {
      "id": 29,
      "name": "Quentin.DuBuque",
      "email": "Cora_Batz52@hotmail.com",
      "password": "T_sLo6jsCynIF2R"
    },
    {
      "id": 30,
      "name": "Stanford0",
      "email": "Hayden16@hotmail.com",
      "password": "hQ9ClLHc4J7PYnt"
    },
    {
      "id": 31,
      "name": "Lemuel_Prohaska65",
      "email": "Barry67@gmail.com",
      "password": "sM0E_84UY2WzYXw"
    },
    {
      "id": 32,
      "name": "Aletha.Baumbach",
      "email": "Darryl_Padberg@gmail.com",
      "password": "cLNvGktSrUxNm0e"
    },
    {
      "id": 33,
      "name": "Bessie30",
      "email": "Karolann.Smitham@hotmail.com",
      "password": "sTb_OlzCEtJs8WZ"
    },
    {
      "id": 34,
      "name": "Jared67",
      "email": "Cecilia_Kassulke63@hotmail.com",
      "password": "nW0i781cGnTHnVS"
    },
    {
      "id": 35,
      "name": "Lisette.Boehm",
      "email": "Herta78@yahoo.com",
      "password": "Q1CJx3SsG0aa9Zw"
    },
    {
      "id": 36,
      "name": "Ayana_Fadel27",
      "email": "Tia.Corwin@hotmail.com",
      "password": "1KgMt_PA7INr1IU"
    },
    {
      "id": 37,
      "name": "Katrine_Gerhold92",
      "email": "Audrey.Reichel@hotmail.com",
      "password": "aM0X8Ac696g7M4x"
    },
    {
      "id": 38,
      "name": "Catherine_Barton70",
      "email": "Kaelyn8@gmail.com",
      "password": "CosMqS_xoVhTiOa"
    },
    {
      "id": 39,
      "name": "Marge38",
      "email": "Baylee_Pfeffer@hotmail.com",
      "password": "P6CGV0cMazygT7v"
    },
    {
      "id": 40,
      "name": "Nathanael.Breitenberg51",
      "email": "Chloe_Schaefer33@hotmail.com",
      "password": "gAGR4kae9Ls_xau"
    },
    {
      "id": 41,
      "name": "Cordia_Heathcote",
      "email": "Cesar.Luettgen@gmail.com",
      "password": "WwQZMGpnkAIyXc2"
    },
    {
      "id": 42,
      "name": "Lilian53",
      "email": "Pamela_Osinski51@gmail.com",
      "password": "BsDI7jBlWNzH7tZ"
    },
    {
      "id": 43,
      "name": "Antone.Leuschke10",
      "email": "Rosario_Rath@hotmail.com",
      "password": "vPDBRVCxQx9AF9d"
    },
    {
      "id": 44,
      "name": "Sammy_Hoeger61",
      "email": "Mayra.Wunsch@yahoo.com",
      "password": "bwCAh21xkkFvCLl"
    },
    {
      "id": 45,
      "name": "Dimitri.Jaskolski69",
      "email": "Eli56@hotmail.com",
      "password": "IkEY_sUpC6W6dXJ"
    },
    {
      "id": 46,
      "name": "Pierce3",
      "email": "Esperanza.Ernser@yahoo.com",
      "password": "tELvuobGL7PzeUI"
    },
    {
      "id": 47,
      "name": "Merritt_Schuster",
      "email": "Eileen.Swaniawski48@yahoo.com",
      "password": "61ZyVNyk1sT11Xj"
    },
    {
      "id": 48,
      "name": "Earlene_Schiller57",
      "email": "Gene_Cremin49@yahoo.com",
      "password": "gwx5N1t0PxUjzsn"
    },
    {
      "id": 49,
      "name": "Alayna80",
      "email": "Danielle.Weissnat@gmail.com",
      "password": "KCxVspK1l0qgx8z"
    },
    {
      "id": 50,
      "name": "Zelma_Pfannerstill0",
      "email": "Deangelo66@yahoo.com",
      "password": "oHVCE3wjcdoC75C"
    },
    {
      "id": 51,
      "name": "Napoleon.Abshire98",
      "email": "Modesta_Aufderhar13@hotmail.com",
      "password": "9tIURhxdCxzy4HQ"
    },
    {
      "id": 52,
      "name": "Isabelle.Runolfsdottir",
      "email": "Lawrence.Beatty@gmail.com",
      "password": "06IAC9uShGlPGAF"
    },
    {
      "id": 53,
      "name": "Christine12",
      "email": "Therese_Rodriguez@gmail.com",
      "password": "IW0RfhyOuhT1nOC"
    },
    {
      "id": 54,
      "name": "Anais_Fay99",
      "email": "Sage_Daugherty@gmail.com",
      "password": "g1d9kf4kMylMrdl"
    },
    {
      "id": 55,
      "name": "Blanche.Labadie48",
      "email": "Loraine.Roob65@yahoo.com",
      "password": "nVoyJ4VmMSg2H1Z"
    },
    {
      "id": 56,
      "name": "Dudley.Koelpin7",
      "email": "Deondre_Schaden70@hotmail.com",
      "password": "keJVYP60Sq01X_0"
    },
    {
      "id": 57,
      "name": "Evangeline_Harvey8",
      "email": "Edmund83@hotmail.com",
      "password": "_W5up4cQd46MsZ7"
    },
    {
      "id": 58,
      "name": "Jettie.Konopelski",
      "email": "Harold.White41@hotmail.com",
      "password": "mX6N95IZKSCD1f9"
    },
    {
      "id": 59,
      "name": "Guy_Dibbert95",
      "email": "Maxine24@hotmail.com",
      "password": "uwxIMnlWZuzuP38"
    },
    {
      "id": 60,
      "name": "Alda.Waelchi22",
      "email": "Carole78@gmail.com",
      "password": "3VSxhR0qxWSEpOx"
    },
    {
      "id": 61,
      "name": "Narciso18",
      "email": "Nickolas10@gmail.com",
      "password": "LQHMn3Z3KtVfsRh"
    },
    {
      "id": 62,
      "name": "Elliott.Goodwin",
      "email": "Makenzie67@hotmail.com",
      "password": "Mz2nU4AJwLbMnHL"
    },
    {
      "id": 63,
      "name": "Vesta_Donnelly",
      "email": "Kendra50@gmail.com",
      "password": "oHy9cBkfF32bMXN"
    },
    {
      "id": 64,
      "name": "Candido.Murazik",
      "email": "Angelita2@gmail.com",
      "password": "MlC8M7noApyQGWT"
    },
    {
      "id": 65,
      "name": "Trace_Hintz44",
      "email": "Ora.Batz@yahoo.com",
      "password": "P1rD298cHBzBx6_"
    },
    {
      "id": 66,
      "name": "Wellington52",
      "email": "Jameson64@gmail.com",
      "password": "g01HCXGB_C9WihB"
    },
    {
      "id": 67,
      "name": "Marlen.Moore13",
      "email": "Isabell.Parisian@gmail.com",
      "password": "nu5BFIFR4BYyb1a"
    },
    {
      "id": 68,
      "name": "Loma.Feeney",
      "email": "Giuseppe.Blanda@hotmail.com",
      "password": "CX2BgWt9bSxM2W1"
    },
    {
      "id": 69,
      "name": "Micaela53",
      "email": "Hertha.Kirlin42@yahoo.com",
      "password": "tGafn4d2ra6FXfC"
    },
    {
      "id": 70,
      "name": "Richmond57",
      "email": "Celia64@gmail.com",
      "password": "IwEXdLrbLRB0fhi"
    }
  ],
  "shops": [
    {
      "id": 1,
      "branch": "CH 47 Nguyễn Huệ - Quận 1 - HCM",
      "address": "Số 47, Đường Nguyễn Huệ, P.Bến Nghé, Quận 1, TP. HCM",
      "phone": "0282.200.7476",
      "open-closed": "08h00 - 22h00"
    },
    {
      "id": 2,
      "branch": "CH 98 Nguyễn Trãi - Quận 1 - HCM",
      "address": " 98 Nguyễn Trãi,P.Bến Thành, Quận 1, Hồ Chí Minh",
      "phone": "028.392.54368",
      "open-closed": "08h00 - 22h00"
    },
    {
      "id": 3,
      "branch": "CH Chợ Lớn - Quận 6 - HCM",
      "address": "56 - 58 - 60 - 62 Tháp Mười, P.2, Q.6, TP.HCM",
      "phone": "0282.200.7476",
      "open-closed": "08h00 - 22h00"
    },
    {
      "id": 1,
      "branch": "CH 47 Nguyễn Huệ - Quận 1 - HCM",
      "address": "Số 47, Đường Nguyễn Huệ, P.Bến Nghé, Quận 1, TP. HCM",
      "phone": "028.3950 5536",
      "open-closed": "08h00 - 22h00"
    },
    {
      "id": 4,
      "branch": "CH 47 Nguyễn Huệ - Quận 1 - HCM",
      "address": "Số 47, Đường Nguyễn Huệ, P.Bến Nghé, Quận 1, TP. HCM",
      "phone": "0282.200.7476",
      "open-closed": "08h00 - 22h00"
    },
    {
      "id": 5,
      "branch": "CH 594 Thống Nhất - Gò Vấp - HCM",
      "address": "594 Thống Nhất, Phường 16, Quận Gò Vấp, TP.HCM",
      "phone": "02822.160.234",
      "open-closed": "08h00 - 22h00"
    },
    {
      "id": 1,
      "branch": "CH 54C Xô Viết Nghệ Tĩnh - Bình Thạnh - HCM",
      "address": "54C Xô Viết Nghệ Tĩnh, phường 19, quận Bình Thạnh, TP.HCM",
      "phone": "0282.200.7476",
      "open-closed": "08h00 - 22h00"
    }
  ]
}